dataset,algorithm,alpha,minsup,time_s,peak_ram_mb,itemsets,visited_nodes
mushrooms,hep,0.05,421,7.602386999999999,3795.72265625,93266,5490783
mushrooms,dfhoi,0.05,421,3.164076,276.1953125,93266,5490783
mushrooms,aura_hoi,0.05,421,1.234893,276.125,93266,1335387
mushrooms,hep,0.075,632,2.448346,1471.05078125,16613,1187990
mushrooms,dfhoi,0.075,632,1.0427570000000002,275.953125,16613,1187990
mushrooms,aura_hoi,0.075,632,0.32817799999999997,276.0,16613,249377
mushrooms,hep,0.10,842,1.7017449999999998,1160.80078125,955,750471
mushrooms,dfhoi,0.10,842,0.736752,275.90625,955,750471
mushrooms,aura_hoi,0.10,842,0.196709,275.875,955,129614
mushrooms,hep,0.125,1052,0.506187,540.91796875,12,154236
mushrooms,dfhoi,0.125,1052,0.232558,275.8828125,12,154318
mushrooms,aura_hoi,0.125,1052,0.052369,275.75,12,25435
mushrooms,hep,0.15,1263,0.441603,498.38671875,2,117244
mushrooms,dfhoi,0.15,1263,0.17708000000000002,275.6953125,2,117244
mushrooms,aura_hoi,0.15,1263,0.028905999999999998,275.75,2,12394
mushrooms,hep,0.20,1684,0.240261,409.734375,0,58066
mushrooms,dfhoi,0.20,1684,0.109056,275.5625,0,58066
mushrooms,aura_hoi,0.20,1684,0.010407999999999999,275.5,0,3079
mushrooms,hep,0.30,2525,0.023093,290.5,0,3471
mushrooms,dfhoi,0.30,2525,0.012275000000000001,275.171875,0,3471
mushrooms,aura_hoi,0.30,2525,0.002462,274.875,0,368
mushrooms,hep,0.40,3367,0.0071719999999999996,279.125,0,748
mushrooms,dfhoi,0.40,3367,0.004116,274.859375,0,748
mushrooms,aura_hoi,0.40,3367,0.001342,274.75,0,94
chess,hep,0.50,1598,7.572058,3890.65625,0,1697691
chess,dfhoi,0.50,1598,4.293232,275.53515625,0,1706474
chess,aura_hoi,0.50,1598,0.013493,275.125,0,3335
chess,hep,0.55,1758,3.531104,2115.359375,0,752343
chess,dfhoi,0.55,1758,1.81824,275.25390625,0,752343
chess,aura_hoi,0.55,1758,0.00458,274.75,0,972
chess,hep,0.60,1918,1.6154069999999998,1194.8828125,0,326545
chess,dfhoi,0.60,1918,0.92296,274.921875,0,326545
chess,aura_hoi,0.60,1918,0.001972,274.375,0,327
chess,hep,0.65,2078,0.7319009999999999,699.76171875,0,140742
chess,dfhoi,0.65,2078,0.400608,274.96875,0,140742
chess,aura_hoi,0.65,2078,0.0008129999999999999,274.0,0,81
chess,hep,0.70,2238,0.338717,480.7734375,0,60049
chess,dfhoi,0.70,2238,0.182454,274.75390625,0,60049
chess,aura_hoi,0.70,2238,0.000414,273.609375,0,0
chess,hep,0.75,2397,0.149541,368.75,0,25774
chess,dfhoi,0.75,2397,0.080393,274.44140625,0,25932
chess,aura_hoi,0.75,2397,0.000375,273.75,0,0
chess,hep,0.80,2557,0.061527,317.375,0,10145
chess,dfhoi,0.80,2557,0.033764,274.34375,0,10145
chess,aura_hoi,0.80,2557,0.000331,273.5625,0,0
chess,hep,0.85,2717,0.0205,289.5,0,3409
chess,dfhoi,0.85,2717,0.011405,274.0546875,0,3409
chess,aura_hoi,0.85,2717,0.000316,273.625,0,0
retail,hep,0.005,441,0.044188000000000005,282.87890625,37,1907
retail,dfhoi,0.005,441,0.039177,282.8828125,37,1907
retail,aura_hoi,0.005,441,0.038374000000000005,282.7578125,37,1874
retail,hep,0.01,882,0.019346,282.37890625,15,148
retail,dfhoi,0.01,882,0.017965,282.5078125,15,148
retail,aura_hoi,0.01,882,0.017702000000000002,282.2578125,15,135
retail,hep,0.02,1764,0.016822,282.37890625,9,20
retail,dfhoi,0.02,1764,0.015799,282.37890625,9,20
retail,aura_hoi,0.02,1764,0.021571,282.25390625,9,18
retail,hep,0.03,2645,0.014154,282.2578125,3,13
retail,dfhoi,0.03,2645,0.016627,282.25390625,3,13
retail,aura_hoi,0.03,2645,0.018095,281.91796875,3,11
retail,hep,0.05,4409,0.018262,282.25390625,3,11
retail,dfhoi,0.05,4409,0.013675000000000001,282.2578125,3,11
retail,aura_hoi,0.05,4409,0.013250999999999999,281.9453125,3,9
retail,hep,0.075,6613,0.015394999999999999,282.12890625,2,3
retail,dfhoi,0.075,6613,0.012161,282.1328125,2,3
retail,aura_hoi,0.075,6613,0.015182000000000001,282.0078125,2,1
retail,hep,0.10,8817,0.013725,282.00390625,0,1
retail,dfhoi,0.10,8817,0.017124,282.1328125,0,1
retail,aura_hoi,0.10,8817,0.013263,282.00390625,0,1
T10I4D100K,hep,0.005,500,1.0147490000000001,285.61328125,10,91823
T10I4D100K,dfhoi,0.005,500,1.134895,285.609375,10,91823
T10I4D100K,aura_hoi,0.005,500,1.062473,285.609375,10,91803
T10I4D100K,hep,0.01,1000,0.345904,285.11328125,0,19503
T10I4D100K,dfhoi,0.01,1000,0.395953,284.98828125,0,19503
T10I4D100K,aura_hoi,0.01,1000,0.367322,284.984375,0,19497
T10I4D100K,hep,0.02,2000,0.047479999999999994,283.68359375,0,990
T10I4D100K,dfhoi,0.02,2000,0.048000999999999995,283.734375,0,990
T10I4D100K,aura_hoi,0.02,2000,0.048229999999999995,283.859375,0,980
T10I4D100K,hep,0.03,3000,0.019402000000000003,282.98828125,0,45
T10I4D100K,dfhoi,0.03,3000,0.018475000000000002,282.98828125,0,45
T10I4D100K,aura_hoi,0.03,3000,0.015285,282.984375,0,39
T10I4D100K,hep,0.05,5000,0.014611,282.375,0,0
T10I4D100K,dfhoi,0.05,5000,0.011164,282.5,0,0
T10I4D100K,aura_hoi,0.05,5000,0.01236,282.5,0,0
T10I4D100K,hep,0.075,7500,0.011057,282.5,0,0
T10I4D100K,dfhoi,0.075,7500,0.010522,282.5,0,0
T10I4D100K,aura_hoi,0.075,7500,0.012746,282.5,0,0
T10I4D100K,hep,0.10,10000,0.010569,282.5,0,0
T10I4D100K,dfhoi,0.10,10000,0.012648999999999999,282.5,0,0
T10I4D100K,aura_hoi,0.10,10000,0.011715999999999999,282.5,0,0
kosarak,hep,0.001,991,6.27916,432.67578125,726,158011
kosarak,dfhoi,0.001,991,6.750083,396.42578125,726,158011
kosarak,aura_hoi,0.001,991,5.89659,400.07421875,726,139474
kosarak,hep,0.002,1981,1.6010719999999998,399.12890625,265,16750
kosarak,dfhoi,0.002,1981,1.6888699999999999,387.79296875,265,16750
kosarak,aura_hoi,0.002,1981,1.510883,390.50390625,265,15019
kosarak,hep,0.005,4951,0.525104,384.046875,86,1445
kosarak,dfhoi,0.005,4951,0.532736,383.16796875,86,1445
kosarak,aura_hoi,0.005,4951,0.521135,382.7890625,86,1373
kosarak,hep,0.01,9901,0.332707,380.4140625,31,244
kosarak,dfhoi,0.01,9901,0.32911,380.53125,31,244
kosarak,aura_hoi,0.01,9901,0.312757,380.1640625,31,234
kosarak,hep,0.02,19801,0.254833,379.1640625,14,59
kosarak,dfhoi,0.02,19801,0.25773399999999996,379.15625,14,59
kosarak,aura_hoi,0.02,19801,0.26765300000000003,378.91015625,14,49
