dataset,algorithm,alpha,minsup,time_s,peak_ram_mb,itemsets
T10I4D100K,aura_hoi,0.005,500,1.936807,20.73828125,10
T10I4D100K,dfhoi,0.005,500,1.927366,17.37890625,10
T10I4D100K,hep,0.005,500,1.737547,17.25390625,10
T10I4D100K,aura_hoi,0.01,1000,0.699831,19.07421875,0
T10I4D100K,dfhoi,0.01,1000,0.713262,16.875,0
T10I4D100K,hep,0.01,1000,0.665471,16.8671875,0
T10I4D100K,aura_hoi,0.02,2000,0.162377,16.421875,0
T10I4D100K,dfhoi,0.02,2000,0.167297,15.63671875,0
T10I4D100K,hep,0.02,2000,0.1629199999999999,15.64453125,0
T10I4D100K,aura_hoi,0.03,3000,0.110113,15.50390625,0
T10I4D100K,dfhoi,0.03,3000,0.107509,14.73828125,0
T10I4D100K,hep,0.03,3000,0.102149,14.765625,0
T10I4D100K,aura_hoi,0.05,5000,0.09786,14.8359375,0
T10I4D100K,dfhoi,0.05,5000,0.1325339999999999,14.23828125,0
T10I4D100K,hep,0.05,5000,0.108168,14.24609375,0
T10I4D100K,aura_hoi,0.075,7500,0.120265,14.63671875,0
T10I4D100K,dfhoi,0.075,7500,0.111105,14.11328125,0
T10I4D100K,hep,0.075,7500,0.106195,14.25,0
T10I4D100K,aura_hoi,0.1,10000,0.104382,14.625,0
T10I4D100K,dfhoi,0.1,10000,0.109901,14.2890625,0
T10I4D100K,hep,0.1,10000,0.100612,14.33203125,0
chess,aura_hoi,0.5,1598,0.008751,5.796875,0
chess,dfhoi,0.5,1598,8.876973,7.5078125,0
chess,hep,0.5,1598,28.634994,3621.03125,0
chess,aura_hoi,0.55,1758,0.008411,5.7890625,0
chess,dfhoi,0.55,1758,3.367419,7.44921875,0
chess,hep,0.55,1758,12.568146,1847.33984375,0
chess,aura_hoi,0.6,1918,0.010841,5.72265625,0
chess,dfhoi,0.6,1918,1.356718,7.140625,0
chess,hep,0.6,1918,4.710966,928.6953125,0
chess,aura_hoi,0.65,2078,0.00802,5.80859375,0
chess,dfhoi,0.65,2078,0.732737,7.21875,0
chess,hep,0.65,2078,2.38793,434.35546875,0
chess,aura_hoi,0.7,2238,0.008046,5.7734375,0
chess,dfhoi,0.7,2238,0.276507,6.953125,0
chess,hep,0.7,2238,0.973635,212.4609375,0
chess,aura_hoi,0.75,2397,0.007883,5.703125,0
chess,dfhoi,0.75,2397,0.152139,6.390625,0
chess,hep,0.75,2397,0.456069,100.70703125,0
chess,aura_hoi,0.8,2557,0.0072699999999999,5.8046875,0
chess,dfhoi,0.8,2557,0.07044,6.24609375,0
chess,hep,0.8,2557,0.193538,49.5390625,0
chess,aura_hoi,0.85,2717,0.007042,5.7890625,0
chess,dfhoi,0.85,2717,0.029286,5.94140625,0
chess,hep,0.85,2717,0.076545,21.78515625,0
kosarak,aura_hoi,0.001,991,11.465455,155.625,726
kosarak,dfhoi,0.001,991,11.587009,128.3828125,726
kosarak,hep,0.001,991,12.319942,164.390625,726
kosarak,aura_hoi,0.002,1981,3.213546,142.58203125,265
kosarak,dfhoi,0.002,1981,3.3640030000000003,119.45703125,265
kosarak,hep,0.002,1981,3.079382,130.890625,265
kosarak,aura_hoi,0.005,4951,2.83514,131.8828125,86
kosarak,dfhoi,0.005,4951,3.381193,114.94921875,86
kosarak,hep,0.005,4951,4.528341,115.69140625,86
kosarak,aura_hoi,0.01,9901,1.431115,125.94921875,31
kosarak,dfhoi,0.01,9901,1.3170229999999998,112.34375,31
kosarak,hep,0.01,9901,2.2344850000000003,112.3515625,31
kosarak,aura_hoi,0.02,19801,1.082961,121.9921875,14
kosarak,dfhoi,0.02,19801,1.114094,110.875,14
kosarak,hep,0.02,19801,1.049702,110.94140625,14
mushrooms,aura_hoi,0.05,421,12.399696,5.98828125,93266
mushrooms,dfhoi,0.05,421,7.843263,7.90234375,93266
mushrooms,hep,0.05,421,38.844792,3526.53515625,93266
mushrooms,aura_hoi,0.075,632,2.232516,5.86328125,16613
mushrooms,dfhoi,0.075,632,1.94964,7.75,16613
mushrooms,hep,0.075,632,7.347148,1203.03125,16613
mushrooms,aura_hoi,0.1,842,1.114295,5.890625,955
mushrooms,dfhoi,0.1,842,1.301492,7.77734375,955
mushrooms,hep,0.1,842,5.167197,892.8359375,955
mushrooms,aura_hoi,0.125,1052,0.363152,5.86328125,12
mushrooms,dfhoi,0.125,1052,0.386053,7.4921875,12
mushrooms,hep,0.125,1052,1.461372,272.5078125,12
mushrooms,aura_hoi,0.15,1263,0.18134,6.01171875,2
mushrooms,dfhoi,0.15,1263,0.314845,7.59765625,2
mushrooms,hep,0.15,1263,1.358406,230.23046875,2
mushrooms,aura_hoi,0.2,1684,0.033754,5.9453125,0
mushrooms,dfhoi,0.2,1684,0.196347,7.375,0
mushrooms,hep,0.2,1684,0.789659,141.5546875,0
mushrooms,aura_hoi,0.3,2525,0.016179,5.8828125,0
mushrooms,dfhoi,0.3,2525,0.033712,7.046875,0
mushrooms,hep,0.3,2525,0.079233,22.3671875,0
mushrooms,aura_hoi,0.4,3367,0.013079,5.94140625,0
mushrooms,dfhoi,0.4,3367,0.01907,6.6171875,0
mushrooms,hep,0.4,3367,0.033244,10.87890625,0
retail,aura_hoi,0.005,441,0.139037,15.74609375,37
retail,dfhoi,0.005,441,0.14202,14.65234375,37
retail,hep,0.005,441,0.162737,14.75,37
retail,aura_hoi,0.01,882,0.1048139999999999,15.203125,15
retail,dfhoi,0.01,882,0.104567,14.2734375,15
retail,hep,0.01,882,0.098507,14.2890625,15
retail,aura_hoi,0.02,1764,0.093751,14.71875,9
retail,dfhoi,0.02,1764,0.092263,14.140625,9
retail,hep,0.02,1764,0.105319,14.17578125,9
retail,aura_hoi,0.03,2645,0.092095,14.57421875,3
retail,dfhoi,0.03,2645,0.104447,14.03515625,3
retail,hep,0.03,2645,0.090271,13.953125,3
retail,aura_hoi,0.05,4409,0.087855,14.58203125,3
retail,dfhoi,0.05,4409,0.090971,14.03125,3
retail,hep,0.05,4409,0.093966,13.984375,3
retail,aura_hoi,0.075,6613,0.089784,14.40234375,2
retail,dfhoi,0.075,6613,0.099982,13.76953125,2
retail,hep,0.075,6613,0.097561,13.7890625,2
retail,aura_hoi,0.1,8817,0.226023,14.4765625,0
retail,dfhoi,0.1,8817,0.0874839999999999,13.9453125,0
retail,hep,0.1,8817,0.091605,13.90625,0
